category,source_path,prepared_path,title,topic
research,/Users/ksoiss/Library/Mobile Documents/com~apple~CloudDocs/Documents/Method/data/ayahuasca_corpus/parsed/bouso_2022_adverse_effects_global_survey.json,/Users/ksoiss/Library/Mobile Documents/com~apple~CloudDocs/Documents/Method/Bot/research/bouso_2022_adverse_effects_global_survey.md,Adverse effects of ayahuasca: Results from the Global Ayahuasca Survey,adverse effects and risk
research,/Users/ksoiss/Library/Mobile Documents/com~apple~CloudDocs/Documents/Method/data/ayahuasca_corpus/parsed/dos_santos_2020_risk_assessment.json,/Users/ksoiss/Library/Mobile Documents/com~apple~CloudDocs/Documents/Method/Bot/research/dos_santos_2020_risk_assessment.md,Risk assessment of ayahuasca use in a religious context: self-reported risk factors and adverse effects,adverse effects and risk
research,/Users/ksoiss/Library/Mobile Documents/com~apple~CloudDocs/Documents/Method/data/ayahuasca_corpus/parsed/goncalves_2023_systematic_review.json,/Users/ksoiss/Library/Mobile Documents/com~apple~CloudDocs/Documents/Method/Bot/research/goncalves_2023_systematic_review.md,A Systematic Review on the Therapeutic Effects of Ayahuasca,therapeutic effects
research,/Users/ksoiss/Library/Mobile Documents/com~apple~CloudDocs/Documents/Method/data/ayahuasca_corpus/parsed/gonzalez_2021_shipibo_wellbeing.json,/Users/ksoiss/Library/Mobile Documents/com~apple~CloudDocs/Documents/Method/Bot/research/gonzalez_2021_shipibo_wellbeing.md,The Shipibo Ceremonial Use of Ayahuasca to Promote Well-Being: An Observational Study,well-being
research,/Users/ksoiss/Library/Mobile Documents/com~apple~CloudDocs/Documents/Method/data/ayahuasca_corpus/parsed/osorio_2015_preliminary_report.json,/Users/ksoiss/Library/Mobile Documents/com~apple~CloudDocs/Documents/Method/Bot/research/osorio_2015_preliminary_report.md,Antidepressant effects of a single dose of ayahuasca in patients with recurrent depression: a preliminary report,recurrent depression
research,/Users/ksoiss/Library/Mobile Documents/com~apple~CloudDocs/Documents/Method/data/ayahuasca_corpus/parsed/palhano_fontes_2019_rct.json,/Users/ksoiss/Library/Mobile Documents/com~apple~CloudDocs/Documents/Method/Bot/research/palhano_fontes_2019_rct.md,Rapid antidepressant effects of the psychedelic ayahuasca in treatment-resistant depression: a randomized placebo-controlled trial,treatment-resistant depression
research,/Users/ksoiss/Library/Mobile Documents/com~apple~CloudDocs/Documents/Method/data/ayahuasca_corpus/parsed/perkins_2021_context_setting.json,/Users/ksoiss/Library/Mobile Documents/com~apple~CloudDocs/Documents/Method/Bot/research/perkins_2021_context_setting.md,Influence of Context and Setting on the Mental Health and Wellbeing Outcomes of Ayahuasca Drinkers: Results of a Large International Survey,well-being
research,/Users/ksoiss/Library/Mobile Documents/com~apple~CloudDocs/Documents/Method/data/ayahuasca_corpus/parsed/ruffell_2021_amazonian_retreats.json,/Users/ksoiss/Library/Mobile Documents/com~apple~CloudDocs/Documents/Method/Bot/research/ruffell_2021_amazonian_retreats.md,Ceremonial Ayahuasca in Amazonian Retreats-Mental Health and Epigenetic Outcomes From a Six-Month Naturalistic Study,ayahuasca mental health outcomes
research,/Users/ksoiss/Library/Mobile Documents/com~apple~CloudDocs/Documents/Method/data/ayahuasca_corpus/parsed/sanches_2016_open_label.json,/Users/ksoiss/Library/Mobile Documents/com~apple~CloudDocs/Documents/Method/Bot/research/sanches_2016_open_label.md,Antidepressant Effects of a Single Dose of Ayahuasca in Patients With Recurrent Depression: A SPECT Study,recurrent depression
research,/Users/ksoiss/Library/Mobile Documents/com~apple~CloudDocs/Documents/Method/data/ayahuasca_corpus/parsed/uthaug_2021_placebo_set_setting.json,/Users/ksoiss/Library/Mobile Documents/com~apple~CloudDocs/Documents/Method/Bot/research/uthaug_2021_placebo_set_setting.md,"A placebo-controlled study of the effects of ayahuasca, set and setting on mental health of participants in ayahuasca group retreats",context and setting
shaman_transcript,/Users/ksoiss/Library/Mobile Documents/com~apple~CloudDocs/Documents/Method/podcast/transcripts/2022_12_30_-_Body.txt,/Users/ksoiss/Library/Mobile Documents/com~apple~CloudDocs/Documents/Method/Bot/shaman_transcripts/2022_12_30_body_part_01.md,Body,Body
shaman_transcript,/Users/ksoiss/Library/Mobile Documents/com~apple~CloudDocs/Documents/Method/podcast/transcripts/2022_12_30_-_Body.txt,/Users/ksoiss/Library/Mobile Documents/com~apple~CloudDocs/Documents/Method/Bot/shaman_transcripts/2022_12_30_body_part_02.md,Body,Body
shaman_transcript,/Users/ksoiss/Library/Mobile Documents/com~apple~CloudDocs/Documents/Method/podcast/transcripts/2022_12_30_-_Body.txt,/Users/ksoiss/Library/Mobile Documents/com~apple~CloudDocs/Documents/Method/Bot/shaman_transcripts/2022_12_30_body_part_03.md,Body,Body
shaman_transcript,/Users/ksoiss/Library/Mobile Documents/com~apple~CloudDocs/Documents/Method/podcast/transcripts/2022_12_30_-_Body.txt,/Users/ksoiss/Library/Mobile Documents/com~apple~CloudDocs/Documents/Method/Bot/shaman_transcripts/2022_12_30_body_part_04.md,Body,Body
shaman_transcript,/Users/ksoiss/Library/Mobile Documents/com~apple~CloudDocs/Documents/Method/podcast/transcripts/2022_12_30_-_Body.txt,/Users/ksoiss/Library/Mobile Documents/com~apple~CloudDocs/Documents/Method/Bot/shaman_transcripts/2022_12_30_body_part_05.md,Body,Body
shaman_transcript,/Users/ksoiss/Library/Mobile Documents/com~apple~CloudDocs/Documents/Method/podcast/transcripts/2022_12_30_-_Body.txt,/Users/ksoiss/Library/Mobile Documents/com~apple~CloudDocs/Documents/Method/Bot/shaman_transcripts/2022_12_30_body_part_06.md,Body,Body
shaman_transcript,/Users/ksoiss/Library/Mobile Documents/com~apple~CloudDocs/Documents/Method/podcast/transcripts/2022_12_30_-_Body.txt,/Users/ksoiss/Library/Mobile Documents/com~apple~CloudDocs/Documents/Method/Bot/shaman_transcripts/2022_12_30_body_part_07.md,Body,Body
shaman_transcript,/Users/ksoiss/Library/Mobile Documents/com~apple~CloudDocs/Documents/Method/podcast/transcripts/2022_12_30_-_Body.txt,/Users/ksoiss/Library/Mobile Documents/com~apple~CloudDocs/Documents/Method/Bot/shaman_transcripts/2022_12_30_body_part_08.md,Body,Body
shaman_transcript,/Users/ksoiss/Library/Mobile Documents/com~apple~CloudDocs/Documents/Method/podcast/transcripts/2022_12_30_-_Body.txt,/Users/ksoiss/Library/Mobile Documents/com~apple~CloudDocs/Documents/Method/Bot/shaman_transcripts/2022_12_30_body_part_09.md,Body,Body
shaman_transcript,/Users/ksoiss/Library/Mobile Documents/com~apple~CloudDocs/Documents/Method/podcast/transcripts/2022_12_30_-_Body.txt,/Users/ksoiss/Library/Mobile Documents/com~apple~CloudDocs/Documents/Method/Bot/shaman_transcripts/2022_12_30_body_part_10.md,Body,Body
shaman_transcript,/Users/ksoiss/Library/Mobile Documents/com~apple~CloudDocs/Documents/Method/podcast/transcripts/2022_12_9_-_Patterns.txt,/Users/ksoiss/Library/Mobile Documents/com~apple~CloudDocs/Documents/Method/Bot/shaman_transcripts/2022_12_9_patterns_part_01.md,Patterns,Patterns
shaman_transcript,/Users/ksoiss/Library/Mobile Documents/com~apple~CloudDocs/Documents/Method/podcast/transcripts/2022_12_9_-_Patterns.txt,/Users/ksoiss/Library/Mobile Documents/com~apple~CloudDocs/Documents/Method/Bot/shaman_transcripts/2022_12_9_patterns_part_02.md,Patterns,Patterns
shaman_transcript,/Users/ksoiss/Library/Mobile Documents/com~apple~CloudDocs/Documents/Method/podcast/transcripts/2022_12_9_-_Patterns.txt,/Users/ksoiss/Library/Mobile Documents/com~apple~CloudDocs/Documents/Method/Bot/shaman_transcripts/2022_12_9_patterns_part_03.md,Patterns,Patterns
shaman_transcript,/Users/ksoiss/Library/Mobile Documents/com~apple~CloudDocs/Documents/Method/podcast/transcripts/2022_12_9_-_Patterns.txt,/Users/ksoiss/Library/Mobile Documents/com~apple~CloudDocs/Documents/Method/Bot/shaman_transcripts/2022_12_9_patterns_part_04.md,Patterns,Patterns
shaman_transcript,/Users/ksoiss/Library/Mobile Documents/com~apple~CloudDocs/Documents/Method/podcast/transcripts/2022_12_9_-_Patterns.txt,/Users/ksoiss/Library/Mobile Documents/com~apple~CloudDocs/Documents/Method/Bot/shaman_transcripts/2022_12_9_patterns_part_05.md,Patterns,Patterns
shaman_transcript,/Users/ksoiss/Library/Mobile Documents/com~apple~CloudDocs/Documents/Method/podcast/transcripts/2022_12_9_-_Patterns.txt,/Users/ksoiss/Library/Mobile Documents/com~apple~CloudDocs/Documents/Method/Bot/shaman_transcripts/2022_12_9_patterns_part_06.md,Patterns,Patterns
shaman_transcript,/Users/ksoiss/Library/Mobile Documents/com~apple~CloudDocs/Documents/Method/podcast/transcripts/2022_12_9_-_Patterns.txt,/Users/ksoiss/Library/Mobile Documents/com~apple~CloudDocs/Documents/Method/Bot/shaman_transcripts/2022_12_9_patterns_part_07.md,Patterns,Patterns
shaman_transcript,/Users/ksoiss/Library/Mobile Documents/com~apple~CloudDocs/Documents/Method/podcast/transcripts/2022_12_9_-_Patterns.txt,/Users/ksoiss/Library/Mobile Documents/com~apple~CloudDocs/Documents/Method/Bot/shaman_transcripts/2022_12_9_patterns_part_08.md,Patterns,Patterns
shaman_transcript,/Users/ksoiss/Library/Mobile Documents/com~apple~CloudDocs/Documents/Method/podcast/transcripts/2022_12_9_-_Patterns.txt,/Users/ksoiss/Library/Mobile Documents/com~apple~CloudDocs/Documents/Method/Bot/shaman_transcripts/2022_12_9_patterns_part_09.md,Patterns,Patterns
shaman_transcript,/Users/ksoiss/Library/Mobile Documents/com~apple~CloudDocs/Documents/Method/podcast/transcripts/2022_12_9_-_Patterns.txt,/Users/ksoiss/Library/Mobile Documents/com~apple~CloudDocs/Documents/Method/Bot/shaman_transcripts/2022_12_9_patterns_part_10.md,Patterns,Patterns
shaman_transcript,/Users/ksoiss/Library/Mobile Documents/com~apple~CloudDocs/Documents/Method/podcast/transcripts/2022_6_10_-_Dietas_2.txt,/Users/ksoiss/Library/Mobile Documents/com~apple~CloudDocs/Documents/Method/Bot/shaman_transcripts/2022_6_10_dietas_2_part_01.md,Dietas 2,Dietas 2
shaman_transcript,/Users/ksoiss/Library/Mobile Documents/com~apple~CloudDocs/Documents/Method/podcast/transcripts/2022_6_10_-_Dietas_2.txt,/Users/ksoiss/Library/Mobile Documents/com~apple~CloudDocs/Documents/Method/Bot/shaman_transcripts/2022_6_10_dietas_2_part_02.md,Dietas 2,Dietas 2
shaman_transcript,/Users/ksoiss/Library/Mobile Documents/com~apple~CloudDocs/Documents/Method/podcast/transcripts/2022_6_10_-_Dietas_2.txt,/Users/ksoiss/Library/Mobile Documents/com~apple~CloudDocs/Documents/Method/Bot/shaman_transcripts/2022_6_10_dietas_2_part_03.md,Dietas 2,Dietas 2
shaman_transcript,/Users/ksoiss/Library/Mobile Documents/com~apple~CloudDocs/Documents/Method/podcast/transcripts/2022_6_10_-_Dietas_2.txt,/Users/ksoiss/Library/Mobile Documents/com~apple~CloudDocs/Documents/Method/Bot/shaman_transcripts/2022_6_10_dietas_2_part_04.md,Dietas 2,Dietas 2
shaman_transcript,/Users/ksoiss/Library/Mobile Documents/com~apple~CloudDocs/Documents/Method/podcast/transcripts/2022_6_10_-_Dietas_2.txt,/Users/ksoiss/Library/Mobile Documents/com~apple~CloudDocs/Documents/Method/Bot/shaman_transcripts/2022_6_10_dietas_2_part_05.md,Dietas 2,Dietas 2
shaman_transcript,/Users/ksoiss/Library/Mobile Documents/com~apple~CloudDocs/Documents/Method/podcast/transcripts/2022_6_10_-_Dietas_2.txt,/Users/ksoiss/Library/Mobile Documents/com~apple~CloudDocs/Documents/Method/Bot/shaman_transcripts/2022_6_10_dietas_2_part_06.md,Dietas 2,Dietas 2
shaman_transcript,/Users/ksoiss/Library/Mobile Documents/com~apple~CloudDocs/Documents/Method/podcast/transcripts/2022_6_10_-_Dietas_2.txt,/Users/ksoiss/Library/Mobile Documents/com~apple~CloudDocs/Documents/Method/Bot/shaman_transcripts/2022_6_10_dietas_2_part_07.md,Dietas 2,Dietas 2
shaman_transcript,/Users/ksoiss/Library/Mobile Documents/com~apple~CloudDocs/Documents/Method/podcast/transcripts/2022_6_10_-_Dietas_2.txt,/Users/ksoiss/Library/Mobile Documents/com~apple~CloudDocs/Documents/Method/Bot/shaman_transcripts/2022_6_10_dietas_2_part_08.md,Dietas 2,Dietas 2
shaman_transcript,/Users/ksoiss/Library/Mobile Documents/com~apple~CloudDocs/Documents/Method/podcast/transcripts/2022_6_17_-_Post-ceremony_Integration_RUS.txt,/Users/ksoiss/Library/Mobile Documents/com~apple~CloudDocs/Documents/Method/Bot/shaman_transcripts/2022_6_17_post_ceremony_integration_rus_part_01.md,Post-ceremony_Integration_RUS,Post-ceremony_Integration_RUS
shaman_transcript,/Users/ksoiss/Library/Mobile Documents/com~apple~CloudDocs/Documents/Method/podcast/transcripts/2022_6_17_-_Post-ceremony_Integration_RUS.txt,/Users/ksoiss/Library/Mobile Documents/com~apple~CloudDocs/Documents/Method/Bot/shaman_transcripts/2022_6_17_post_ceremony_integration_rus_part_02.md,Post-ceremony_Integration_RUS,Post-ceremony_Integration_RUS
shaman_transcript,/Users/ksoiss/Library/Mobile Documents/com~apple~CloudDocs/Documents/Method/podcast/transcripts/2022_6_17_-_Post-ceremony_Integration_RUS.txt,/Users/ksoiss/Library/Mobile Documents/com~apple~CloudDocs/Documents/Method/Bot/shaman_transcripts/2022_6_17_post_ceremony_integration_rus_part_03.md,Post-ceremony_Integration_RUS,Post-ceremony_Integration_RUS
shaman_transcript,/Users/ksoiss/Library/Mobile Documents/com~apple~CloudDocs/Documents/Method/podcast/transcripts/2022_6_17_-_Post-ceremony_Integration_RUS.txt,/Users/ksoiss/Library/Mobile Documents/com~apple~CloudDocs/Documents/Method/Bot/shaman_transcripts/2022_6_17_post_ceremony_integration_rus_part_04.md,Post-ceremony_Integration_RUS,Post-ceremony_Integration_RUS
shaman_transcript,/Users/ksoiss/Library/Mobile Documents/com~apple~CloudDocs/Documents/Method/podcast/transcripts/2022_6_17_-_Post-ceremony_Integration_RUS.txt,/Users/ksoiss/Library/Mobile Documents/com~apple~CloudDocs/Documents/Method/Bot/shaman_transcripts/2022_6_17_post_ceremony_integration_rus_part_05.md,Post-ceremony_Integration_RUS,Post-ceremony_Integration_RUS
shaman_transcript,/Users/ksoiss/Library/Mobile Documents/com~apple~CloudDocs/Documents/Method/podcast/transcripts/2022_6_17_-_Post-ceremony_Integration_RUS.txt,/Users/ksoiss/Library/Mobile Documents/com~apple~CloudDocs/Documents/Method/Bot/shaman_transcripts/2022_6_17_post_ceremony_integration_rus_part_06.md,Post-ceremony_Integration_RUS,Post-ceremony_Integration_RUS
shaman_transcript,/Users/ksoiss/Library/Mobile Documents/com~apple~CloudDocs/Documents/Method/podcast/transcripts/2022_6_17_-_Post-ceremony_Integration_RUS.txt,/Users/ksoiss/Library/Mobile Documents/com~apple~CloudDocs/Documents/Method/Bot/shaman_transcripts/2022_6_17_post_ceremony_integration_rus_part_07.md,Post-ceremony_Integration_RUS,Post-ceremony_Integration_RUS
shaman_transcript,/Users/ksoiss/Library/Mobile Documents/com~apple~CloudDocs/Documents/Method/podcast/transcripts/2022_6_17_-_Post-ceremony_Integration_RUS.txt,/Users/ksoiss/Library/Mobile Documents/com~apple~CloudDocs/Documents/Method/Bot/shaman_transcripts/2022_6_17_post_ceremony_integration_rus_part_08.md,Post-ceremony_Integration_RUS,Post-ceremony_Integration_RUS
shaman_transcript,/Users/ksoiss/Library/Mobile Documents/com~apple~CloudDocs/Documents/Method/podcast/transcripts/2022_6_17_-_Post-ceremony_Integration_RUS.txt,/Users/ksoiss/Library/Mobile Documents/com~apple~CloudDocs/Documents/Method/Bot/shaman_transcripts/2022_6_17_post_ceremony_integration_rus_part_09.md,Post-ceremony_Integration_RUS,Post-ceremony_Integration_RUS
shaman_transcript,/Users/ksoiss/Library/Mobile Documents/com~apple~CloudDocs/Documents/Method/podcast/transcripts/2022_6_17_-_Post-ceremony_Integration_RUS.txt,/Users/ksoiss/Library/Mobile Documents/com~apple~CloudDocs/Documents/Method/Bot/shaman_transcripts/2022_6_17_post_ceremony_integration_rus_part_10.md,Post-ceremony_Integration_RUS,Post-ceremony_Integration_RUS
shaman_transcript,/Users/ksoiss/Library/Mobile Documents/com~apple~CloudDocs/Documents/Method/podcast/transcripts/2022_7_01_-_Symbolic_language_in_ceremonies_RUS.txt,/Users/ksoiss/Library/Mobile Documents/com~apple~CloudDocs/Documents/Method/Bot/shaman_transcripts/2022_7_01_symbolic_language_in_ceremonies_rus_part_01.md,Symbolic language in ceremonies_RUS,Symbolic language in ceremonies_RUS
shaman_transcript,/Users/ksoiss/Library/Mobile Documents/com~apple~CloudDocs/Documents/Method/podcast/transcripts/2022_7_01_-_Symbolic_language_in_ceremonies_RUS.txt,/Users/ksoiss/Library/Mobile Documents/com~apple~CloudDocs/Documents/Method/Bot/shaman_transcripts/2022_7_01_symbolic_language_in_ceremonies_rus_part_02.md,Symbolic language in ceremonies_RUS,Symbolic language in ceremonies_RUS
shaman_transcript,/Users/ksoiss/Library/Mobile Documents/com~apple~CloudDocs/Documents/Method/podcast/transcripts/2022_7_01_-_Symbolic_language_in_ceremonies_RUS.txt,/Users/ksoiss/Library/Mobile Documents/com~apple~CloudDocs/Documents/Method/Bot/shaman_transcripts/2022_7_01_symbolic_language_in_ceremonies_rus_part_03.md,Symbolic language in ceremonies_RUS,Symbolic language in ceremonies_RUS
shaman_transcript,/Users/ksoiss/Library/Mobile Documents/com~apple~CloudDocs/Documents/Method/podcast/transcripts/2022_7_01_-_Symbolic_language_in_ceremonies_RUS.txt,/Users/ksoiss/Library/Mobile Documents/com~apple~CloudDocs/Documents/Method/Bot/shaman_transcripts/2022_7_01_symbolic_language_in_ceremonies_rus_part_04.md,Symbolic language in ceremonies_RUS,Symbolic language in ceremonies_RUS
shaman_transcript,/Users/ksoiss/Library/Mobile Documents/com~apple~CloudDocs/Documents/Method/podcast/transcripts/2022_7_01_-_Symbolic_language_in_ceremonies_RUS.txt,/Users/ksoiss/Library/Mobile Documents/com~apple~CloudDocs/Documents/Method/Bot/shaman_transcripts/2022_7_01_symbolic_language_in_ceremonies_rus_part_05.md,Symbolic language in ceremonies_RUS,Symbolic language in ceremonies_RUS
shaman_transcript,/Users/ksoiss/Library/Mobile Documents/com~apple~CloudDocs/Documents/Method/podcast/transcripts/2022_7_01_-_Symbolic_language_in_ceremonies_RUS.txt,/Users/ksoiss/Library/Mobile Documents/com~apple~CloudDocs/Documents/Method/Bot/shaman_transcripts/2022_7_01_symbolic_language_in_ceremonies_rus_part_06.md,Symbolic language in ceremonies_RUS,Symbolic language in ceremonies_RUS
shaman_transcript,/Users/ksoiss/Library/Mobile Documents/com~apple~CloudDocs/Documents/Method/podcast/transcripts/2022_7_01_-_Symbolic_language_in_ceremonies_RUS.txt,/Users/ksoiss/Library/Mobile Documents/com~apple~CloudDocs/Documents/Method/Bot/shaman_transcripts/2022_7_01_symbolic_language_in_ceremonies_rus_part_07.md,Symbolic language in ceremonies_RUS,Symbolic language in ceremonies_RUS
shaman_transcript,/Users/ksoiss/Library/Mobile Documents/com~apple~CloudDocs/Documents/Method/podcast/transcripts/2022_7_01_-_Symbolic_language_in_ceremonies_RUS.txt,/Users/ksoiss/Library/Mobile Documents/com~apple~CloudDocs/Documents/Method/Bot/shaman_transcripts/2022_7_01_symbolic_language_in_ceremonies_rus_part_08.md,Symbolic language in ceremonies_RUS,Symbolic language in ceremonies_RUS
shaman_transcript,/Users/ksoiss/Library/Mobile Documents/com~apple~CloudDocs/Documents/Method/podcast/transcripts/2022_9_30_-_Post_diet.txt,/Users/ksoiss/Library/Mobile Documents/com~apple~CloudDocs/Documents/Method/Bot/shaman_transcripts/2022_9_30_post_diet_part_01.md,Post diet,Post diet
shaman_transcript,/Users/ksoiss/Library/Mobile Documents/com~apple~CloudDocs/Documents/Method/podcast/transcripts/2022_9_30_-_Post_diet.txt,/Users/ksoiss/Library/Mobile Documents/com~apple~CloudDocs/Documents/Method/Bot/shaman_transcripts/2022_9_30_post_diet_part_02.md,Post diet,Post diet
shaman_transcript,/Users/ksoiss/Library/Mobile Documents/com~apple~CloudDocs/Documents/Method/podcast/transcripts/2022_9_30_-_Post_diet.txt,/Users/ksoiss/Library/Mobile Documents/com~apple~CloudDocs/Documents/Method/Bot/shaman_transcripts/2022_9_30_post_diet_part_03.md,Post diet,Post diet
shaman_transcript,/Users/ksoiss/Library/Mobile Documents/com~apple~CloudDocs/Documents/Method/podcast/transcripts/2022_9_30_-_Post_diet.txt,/Users/ksoiss/Library/Mobile Documents/com~apple~CloudDocs/Documents/Method/Bot/shaman_transcripts/2022_9_30_post_diet_part_04.md,Post diet,Post diet
shaman_transcript,/Users/ksoiss/Library/Mobile Documents/com~apple~CloudDocs/Documents/Method/podcast/transcripts/2022_9_30_-_Post_diet.txt,/Users/ksoiss/Library/Mobile Documents/com~apple~CloudDocs/Documents/Method/Bot/shaman_transcripts/2022_9_30_post_diet_part_05.md,Post diet,Post diet
shaman_transcript,/Users/ksoiss/Library/Mobile Documents/com~apple~CloudDocs/Documents/Method/podcast/transcripts/2022_9_30_-_Post_diet.txt,/Users/ksoiss/Library/Mobile Documents/com~apple~CloudDocs/Documents/Method/Bot/shaman_transcripts/2022_9_30_post_diet_part_06.md,Post diet,Post diet
shaman_transcript,/Users/ksoiss/Library/Mobile Documents/com~apple~CloudDocs/Documents/Method/podcast/transcripts/2022_9_30_-_Post_diet.txt,/Users/ksoiss/Library/Mobile Documents/com~apple~CloudDocs/Documents/Method/Bot/shaman_transcripts/2022_9_30_post_diet_part_07.md,Post diet,Post diet
shaman_transcript,/Users/ksoiss/Library/Mobile Documents/com~apple~CloudDocs/Documents/Method/podcast/transcripts/2022_9_30_-_Post_diet.txt,/Users/ksoiss/Library/Mobile Documents/com~apple~CloudDocs/Documents/Method/Bot/shaman_transcripts/2022_9_30_post_diet_part_08.md,Post diet,Post diet
shaman_transcript,/Users/ksoiss/Library/Mobile Documents/com~apple~CloudDocs/Documents/Method/podcast/transcripts/2022_9_8_-_Supressed_emotions.txt,/Users/ksoiss/Library/Mobile Documents/com~apple~CloudDocs/Documents/Method/Bot/shaman_transcripts/2022_9_8_supressed_emotions_part_01.md,Supressed emotions,Supressed emotions
shaman_transcript,/Users/ksoiss/Library/Mobile Documents/com~apple~CloudDocs/Documents/Method/podcast/transcripts/2022_9_8_-_Supressed_emotions.txt,/Users/ksoiss/Library/Mobile Documents/com~apple~CloudDocs/Documents/Method/Bot/shaman_transcripts/2022_9_8_supressed_emotions_part_02.md,Supressed emotions,Supressed emotions
shaman_transcript,/Users/ksoiss/Library/Mobile Documents/com~apple~CloudDocs/Documents/Method/podcast/transcripts/2022_9_8_-_Supressed_emotions.txt,/Users/ksoiss/Library/Mobile Documents/com~apple~CloudDocs/Documents/Method/Bot/shaman_transcripts/2022_9_8_supressed_emotions_part_03.md,Supressed emotions,Supressed emotions
shaman_transcript,/Users/ksoiss/Library/Mobile Documents/com~apple~CloudDocs/Documents/Method/podcast/transcripts/2022_9_8_-_Supressed_emotions.txt,/Users/ksoiss/Library/Mobile Documents/com~apple~CloudDocs/Documents/Method/Bot/shaman_transcripts/2022_9_8_supressed_emotions_part_04.md,Supressed emotions,Supressed emotions
shaman_transcript,/Users/ksoiss/Library/Mobile Documents/com~apple~CloudDocs/Documents/Method/podcast/transcripts/2022_9_8_-_Supressed_emotions.txt,/Users/ksoiss/Library/Mobile Documents/com~apple~CloudDocs/Documents/Method/Bot/shaman_transcripts/2022_9_8_supressed_emotions_part_05.md,Supressed emotions,Supressed emotions
shaman_transcript,/Users/ksoiss/Library/Mobile Documents/com~apple~CloudDocs/Documents/Method/podcast/transcripts/2022_9_8_-_Supressed_emotions.txt,/Users/ksoiss/Library/Mobile Documents/com~apple~CloudDocs/Documents/Method/Bot/shaman_transcripts/2022_9_8_supressed_emotions_part_06.md,Supressed emotions,Supressed emotions
shaman_transcript,/Users/ksoiss/Library/Mobile Documents/com~apple~CloudDocs/Documents/Method/podcast/transcripts/2023_10_16_-_coming_to_a_ceremony.txt,/Users/ksoiss/Library/Mobile Documents/com~apple~CloudDocs/Documents/Method/Bot/shaman_transcripts/2023_10_16_coming_to_a_ceremony_part_01.md,coming to a ceremony,coming to a ceremony
shaman_transcript,/Users/ksoiss/Library/Mobile Documents/com~apple~CloudDocs/Documents/Method/podcast/transcripts/2023_10_16_-_coming_to_a_ceremony.txt,/Users/ksoiss/Library/Mobile Documents/com~apple~CloudDocs/Documents/Method/Bot/shaman_transcripts/2023_10_16_coming_to_a_ceremony_part_02.md,coming to a ceremony,coming to a ceremony
shaman_transcript,/Users/ksoiss/Library/Mobile Documents/com~apple~CloudDocs/Documents/Method/podcast/transcripts/2023_10_16_-_coming_to_a_ceremony.txt,/Users/ksoiss/Library/Mobile Documents/com~apple~CloudDocs/Documents/Method/Bot/shaman_transcripts/2023_10_16_coming_to_a_ceremony_part_03.md,coming to a ceremony,coming to a ceremony
shaman_transcript,/Users/ksoiss/Library/Mobile Documents/com~apple~CloudDocs/Documents/Method/podcast/transcripts/2023_10_16_-_coming_to_a_ceremony.txt,/Users/ksoiss/Library/Mobile Documents/com~apple~CloudDocs/Documents/Method/Bot/shaman_transcripts/2023_10_16_coming_to_a_ceremony_part_04.md,coming to a ceremony,coming to a ceremony
shaman_transcript,/Users/ksoiss/Library/Mobile Documents/com~apple~CloudDocs/Documents/Method/podcast/transcripts/2023_11_17_-_recepitory.txt,/Users/ksoiss/Library/Mobile Documents/com~apple~CloudDocs/Documents/Method/Bot/shaman_transcripts/2023_11_17_recepitory_part_01.md,recepitory,recepitory
shaman_transcript,/Users/ksoiss/Library/Mobile Documents/com~apple~CloudDocs/Documents/Method/podcast/transcripts/2023_11_17_-_recepitory.txt,/Users/ksoiss/Library/Mobile Documents/com~apple~CloudDocs/Documents/Method/Bot/shaman_transcripts/2023_11_17_recepitory_part_02.md,recepitory,recepitory
shaman_transcript,/Users/ksoiss/Library/Mobile Documents/com~apple~CloudDocs/Documents/Method/podcast/transcripts/2023_11_17_-_recepitory.txt,/Users/ksoiss/Library/Mobile Documents/com~apple~CloudDocs/Documents/Method/Bot/shaman_transcripts/2023_11_17_recepitory_part_03.md,recepitory,recepitory
shaman_transcript,/Users/ksoiss/Library/Mobile Documents/com~apple~CloudDocs/Documents/Method/podcast/transcripts/2023_11_17_-_recepitory.txt,/Users/ksoiss/Library/Mobile Documents/com~apple~CloudDocs/Documents/Method/Bot/shaman_transcripts/2023_11_17_recepitory_part_04.md,recepitory,recepitory
shaman_transcript,/Users/ksoiss/Library/Mobile Documents/com~apple~CloudDocs/Documents/Method/podcast/transcripts/2023_2_24_-_Plant_dietas_Eng.txt,/Users/ksoiss/Library/Mobile Documents/com~apple~CloudDocs/Documents/Method/Bot/shaman_transcripts/2023_2_24_plant_dietas_eng_part_01.md,Plant dietas (Eng),Plant dietas ()
shaman_transcript,/Users/ksoiss/Library/Mobile Documents/com~apple~CloudDocs/Documents/Method/podcast/transcripts/2023_2_24_-_Plant_dietas_Eng.txt,/Users/ksoiss/Library/Mobile Documents/com~apple~CloudDocs/Documents/Method/Bot/shaman_transcripts/2023_2_24_plant_dietas_eng_part_02.md,Plant dietas (Eng),Plant dietas ()
shaman_transcript,/Users/ksoiss/Library/Mobile Documents/com~apple~CloudDocs/Documents/Method/podcast/transcripts/2023_2_24_-_Plant_dietas_Eng.txt,/Users/ksoiss/Library/Mobile Documents/com~apple~CloudDocs/Documents/Method/Bot/shaman_transcripts/2023_2_24_plant_dietas_eng_part_03.md,Plant dietas (Eng),Plant dietas ()
shaman_transcript,/Users/ksoiss/Library/Mobile Documents/com~apple~CloudDocs/Documents/Method/podcast/transcripts/2023_2_24_-_Plant_dietas_Eng.txt,/Users/ksoiss/Library/Mobile Documents/com~apple~CloudDocs/Documents/Method/Bot/shaman_transcripts/2023_2_24_plant_dietas_eng_part_04.md,Plant dietas (Eng),Plant dietas ()
shaman_transcript,/Users/ksoiss/Library/Mobile Documents/com~apple~CloudDocs/Documents/Method/podcast/transcripts/2023_2_24_-_Plant_dietas_Eng.txt,/Users/ksoiss/Library/Mobile Documents/com~apple~CloudDocs/Documents/Method/Bot/shaman_transcripts/2023_2_24_plant_dietas_eng_part_05.md,Plant dietas (Eng),Plant dietas ()
shaman_transcript,/Users/ksoiss/Library/Mobile Documents/com~apple~CloudDocs/Documents/Method/podcast/transcripts/2023_2_24_-_Plant_dietas_Eng.txt,/Users/ksoiss/Library/Mobile Documents/com~apple~CloudDocs/Documents/Method/Bot/shaman_transcripts/2023_2_24_plant_dietas_eng_part_06.md,Plant dietas (Eng),Plant dietas ()
shaman_transcript,/Users/ksoiss/Library/Mobile Documents/com~apple~CloudDocs/Documents/Method/podcast/transcripts/2023_2_4_Plants_-_Oak.txt,/Users/ksoiss/Library/Mobile Documents/com~apple~CloudDocs/Documents/Method/Bot/shaman_transcripts/2023_2_4_plants_oak_part_01.md,2023_2_4 Plants - Oak,2023_2_4 Plants - Oak
shaman_transcript,/Users/ksoiss/Library/Mobile Documents/com~apple~CloudDocs/Documents/Method/podcast/transcripts/2023_2_4_Plants_-_Oak.txt,/Users/ksoiss/Library/Mobile Documents/com~apple~CloudDocs/Documents/Method/Bot/shaman_transcripts/2023_2_4_plants_oak_part_02.md,2023_2_4 Plants - Oak,2023_2_4 Plants - Oak
shaman_transcript,/Users/ksoiss/Library/Mobile Documents/com~apple~CloudDocs/Documents/Method/podcast/transcripts/2023_2_4_Plants_-_Oak.txt,/Users/ksoiss/Library/Mobile Documents/com~apple~CloudDocs/Documents/Method/Bot/shaman_transcripts/2023_2_4_plants_oak_part_03.md,2023_2_4 Plants - Oak,2023_2_4 Plants - Oak
shaman_transcript,/Users/ksoiss/Library/Mobile Documents/com~apple~CloudDocs/Documents/Method/podcast/transcripts/2023_2_4_Plants_-_Oak.txt,/Users/ksoiss/Library/Mobile Documents/com~apple~CloudDocs/Documents/Method/Bot/shaman_transcripts/2023_2_4_plants_oak_part_04.md,2023_2_4 Plants - Oak,2023_2_4 Plants - Oak
shaman_transcript,/Users/ksoiss/Library/Mobile Documents/com~apple~CloudDocs/Documents/Method/podcast/transcripts/2023_3_10_-_Essence_of_a_Ceremony.txt,/Users/ksoiss/Library/Mobile Documents/com~apple~CloudDocs/Documents/Method/Bot/shaman_transcripts/2023_3_10_essence_of_a_ceremony_part_01.md,Essence of a Ceremony,Essence of a Ceremony
shaman_transcript,/Users/ksoiss/Library/Mobile Documents/com~apple~CloudDocs/Documents/Method/podcast/transcripts/2023_3_10_-_Essence_of_a_Ceremony.txt,/Users/ksoiss/Library/Mobile Documents/com~apple~CloudDocs/Documents/Method/Bot/shaman_transcripts/2023_3_10_essence_of_a_ceremony_part_02.md,Essence of a Ceremony,Essence of a Ceremony
shaman_transcript,/Users/ksoiss/Library/Mobile Documents/com~apple~CloudDocs/Documents/Method/podcast/transcripts/2023_3_10_-_Essence_of_a_Ceremony.txt,/Users/ksoiss/Library/Mobile Documents/com~apple~CloudDocs/Documents/Method/Bot/shaman_transcripts/2023_3_10_essence_of_a_ceremony_part_03.md,Essence of a Ceremony,Essence of a Ceremony
shaman_transcript,/Users/ksoiss/Library/Mobile Documents/com~apple~CloudDocs/Documents/Method/podcast/transcripts/2023_3_10_-_Essence_of_a_Ceremony.txt,/Users/ksoiss/Library/Mobile Documents/com~apple~CloudDocs/Documents/Method/Bot/shaman_transcripts/2023_3_10_essence_of_a_ceremony_part_04.md,Essence of a Ceremony,Essence of a Ceremony
shaman_transcript,/Users/ksoiss/Library/Mobile Documents/com~apple~CloudDocs/Documents/Method/podcast/transcripts/2023_3_10_-_Essence_of_a_Ceremony.txt,/Users/ksoiss/Library/Mobile Documents/com~apple~CloudDocs/Documents/Method/Bot/shaman_transcripts/2023_3_10_essence_of_a_ceremony_part_05.md,Essence of a Ceremony,Essence of a Ceremony
shaman_transcript,/Users/ksoiss/Library/Mobile Documents/com~apple~CloudDocs/Documents/Method/podcast/transcripts/2023_3_10_-_Essence_of_a_Ceremony.txt,/Users/ksoiss/Library/Mobile Documents/com~apple~CloudDocs/Documents/Method/Bot/shaman_transcripts/2023_3_10_essence_of_a_ceremony_part_06.md,Essence of a Ceremony,Essence of a Ceremony
shaman_transcript,/Users/ksoiss/Library/Mobile Documents/com~apple~CloudDocs/Documents/Method/podcast/transcripts/2023_4_21_-_Intention.txt,/Users/ksoiss/Library/Mobile Documents/com~apple~CloudDocs/Documents/Method/Bot/shaman_transcripts/2023_4_21_intention_part_01.md,Intention,Intention
shaman_transcript,/Users/ksoiss/Library/Mobile Documents/com~apple~CloudDocs/Documents/Method/podcast/transcripts/2023_4_21_-_Intention.txt,/Users/ksoiss/Library/Mobile Documents/com~apple~CloudDocs/Documents/Method/Bot/shaman_transcripts/2023_4_21_intention_part_02.md,Intention,Intention
shaman_transcript,/Users/ksoiss/Library/Mobile Documents/com~apple~CloudDocs/Documents/Method/podcast/transcripts/2023_4_21_-_Intention.txt,/Users/ksoiss/Library/Mobile Documents/com~apple~CloudDocs/Documents/Method/Bot/shaman_transcripts/2023_4_21_intention_part_03.md,Intention,Intention
shaman_transcript,/Users/ksoiss/Library/Mobile Documents/com~apple~CloudDocs/Documents/Method/podcast/transcripts/2023_4_21_-_Intention.txt,/Users/ksoiss/Library/Mobile Documents/com~apple~CloudDocs/Documents/Method/Bot/shaman_transcripts/2023_4_21_intention_part_04.md,Intention,Intention
shaman_transcript,/Users/ksoiss/Library/Mobile Documents/com~apple~CloudDocs/Documents/Method/podcast/transcripts/2023_5_5_-_Fear_Axiety.txt,/Users/ksoiss/Library/Mobile Documents/com~apple~CloudDocs/Documents/Method/Bot/shaman_transcripts/2023_5_5_fear_axiety_part_01.md,Fear & Axiety,Fear & Axiety
shaman_transcript,/Users/ksoiss/Library/Mobile Documents/com~apple~CloudDocs/Documents/Method/podcast/transcripts/2023_5_5_-_Fear_Axiety.txt,/Users/ksoiss/Library/Mobile Documents/com~apple~CloudDocs/Documents/Method/Bot/shaman_transcripts/2023_5_5_fear_axiety_part_02.md,Fear & Axiety,Fear & Axiety
shaman_transcript,/Users/ksoiss/Library/Mobile Documents/com~apple~CloudDocs/Documents/Method/podcast/transcripts/2023_5_5_-_Fear_Axiety.txt,/Users/ksoiss/Library/Mobile Documents/com~apple~CloudDocs/Documents/Method/Bot/shaman_transcripts/2023_5_5_fear_axiety_part_03.md,Fear & Axiety,Fear & Axiety
shaman_transcript,/Users/ksoiss/Library/Mobile Documents/com~apple~CloudDocs/Documents/Method/podcast/transcripts/2023_5_5_-_Fear_Axiety.txt,/Users/ksoiss/Library/Mobile Documents/com~apple~CloudDocs/Documents/Method/Bot/shaman_transcripts/2023_5_5_fear_axiety_part_04.md,Fear & Axiety,Fear & Axiety
shaman_transcript,/Users/ksoiss/Library/Mobile Documents/com~apple~CloudDocs/Documents/Method/podcast/transcripts/2023_5_5_-_Fear_Axiety.txt,/Users/ksoiss/Library/Mobile Documents/com~apple~CloudDocs/Documents/Method/Bot/shaman_transcripts/2023_5_5_fear_axiety_part_05.md,Fear & Axiety,Fear & Axiety
shaman_transcript,/Users/ksoiss/Library/Mobile Documents/com~apple~CloudDocs/Documents/Method/podcast/transcripts/2023_5_5_-_Fear_Axiety.txt,/Users/ksoiss/Library/Mobile Documents/com~apple~CloudDocs/Documents/Method/Bot/shaman_transcripts/2023_5_5_fear_axiety_part_06.md,Fear & Axiety,Fear & Axiety
shaman_transcript,/Users/ksoiss/Library/Mobile Documents/com~apple~CloudDocs/Documents/Method/podcast/transcripts/2023_6_16_-_Linden.txt,/Users/ksoiss/Library/Mobile Documents/com~apple~CloudDocs/Documents/Method/Bot/shaman_transcripts/2023_6_16_linden_part_01.md,Linden,Linden
shaman_transcript,/Users/ksoiss/Library/Mobile Documents/com~apple~CloudDocs/Documents/Method/podcast/transcripts/2023_6_16_-_Linden.txt,/Users/ksoiss/Library/Mobile Documents/com~apple~CloudDocs/Documents/Method/Bot/shaman_transcripts/2023_6_16_linden_part_02.md,Linden,Linden
shaman_transcript,/Users/ksoiss/Library/Mobile Documents/com~apple~CloudDocs/Documents/Method/podcast/transcripts/2023_6_16_-_Linden.txt,/Users/ksoiss/Library/Mobile Documents/com~apple~CloudDocs/Documents/Method/Bot/shaman_transcripts/2023_6_16_linden_part_03.md,Linden,Linden
shaman_transcript,/Users/ksoiss/Library/Mobile Documents/com~apple~CloudDocs/Documents/Method/podcast/transcripts/2023_6_16_-_Linden.txt,/Users/ksoiss/Library/Mobile Documents/com~apple~CloudDocs/Documents/Method/Bot/shaman_transcripts/2023_6_16_linden_part_04.md,Linden,Linden
shaman_transcript,/Users/ksoiss/Library/Mobile Documents/com~apple~CloudDocs/Documents/Method/podcast/transcripts/2023_6_16_-_Linden.txt,/Users/ksoiss/Library/Mobile Documents/com~apple~CloudDocs/Documents/Method/Bot/shaman_transcripts/2023_6_16_linden_part_05.md,Linden,Linden
shaman_transcript,/Users/ksoiss/Library/Mobile Documents/com~apple~CloudDocs/Documents/Method/podcast/transcripts/2023_6_16_-_Linden.txt,/Users/ksoiss/Library/Mobile Documents/com~apple~CloudDocs/Documents/Method/Bot/shaman_transcripts/2023_6_16_linden_part_06.md,Linden,Linden
shaman_transcript,/Users/ksoiss/Library/Mobile Documents/com~apple~CloudDocs/Documents/Method/podcast/transcripts/2023_7_28_-_Dark_side.txt,/Users/ksoiss/Library/Mobile Documents/com~apple~CloudDocs/Documents/Method/Bot/shaman_transcripts/2023_7_28_dark_side_part_01.md,Dark side,Dark side
shaman_transcript,/Users/ksoiss/Library/Mobile Documents/com~apple~CloudDocs/Documents/Method/podcast/transcripts/2023_7_28_-_Dark_side.txt,/Users/ksoiss/Library/Mobile Documents/com~apple~CloudDocs/Documents/Method/Bot/shaman_transcripts/2023_7_28_dark_side_part_02.md,Dark side,Dark side
shaman_transcript,/Users/ksoiss/Library/Mobile Documents/com~apple~CloudDocs/Documents/Method/podcast/transcripts/2023_7_28_-_Dark_side.txt,/Users/ksoiss/Library/Mobile Documents/com~apple~CloudDocs/Documents/Method/Bot/shaman_transcripts/2023_7_28_dark_side_part_03.md,Dark side,Dark side
shaman_transcript,/Users/ksoiss/Library/Mobile Documents/com~apple~CloudDocs/Documents/Method/podcast/transcripts/2023_7_28_-_Dark_side.txt,/Users/ksoiss/Library/Mobile Documents/com~apple~CloudDocs/Documents/Method/Bot/shaman_transcripts/2023_7_28_dark_side_part_04.md,Dark side,Dark side
shaman_transcript,/Users/ksoiss/Library/Mobile Documents/com~apple~CloudDocs/Documents/Method/podcast/transcripts/2023_7_28_-_Dark_side.txt,/Users/ksoiss/Library/Mobile Documents/com~apple~CloudDocs/Documents/Method/Bot/shaman_transcripts/2023_7_28_dark_side_part_05.md,Dark side,Dark side
shaman_transcript,/Users/ksoiss/Library/Mobile Documents/com~apple~CloudDocs/Documents/Method/podcast/transcripts/2023_7_28_-_Dark_side.txt,/Users/ksoiss/Library/Mobile Documents/com~apple~CloudDocs/Documents/Method/Bot/shaman_transcripts/2023_7_28_dark_side_part_06.md,Dark side,Dark side
shaman_transcript,/Users/ksoiss/Library/Mobile Documents/com~apple~CloudDocs/Documents/Method/podcast/transcripts/2023_7_28_-_Dark_side.txt,/Users/ksoiss/Library/Mobile Documents/com~apple~CloudDocs/Documents/Method/Bot/shaman_transcripts/2023_7_28_dark_side_part_07.md,Dark side,Dark side
shaman_transcript,/Users/ksoiss/Library/Mobile Documents/com~apple~CloudDocs/Documents/Method/podcast/transcripts/2023_7_28_-_Dark_side.txt,/Users/ksoiss/Library/Mobile Documents/com~apple~CloudDocs/Documents/Method/Bot/shaman_transcripts/2023_7_28_dark_side_part_08.md,Dark side,Dark side
shaman_transcript,/Users/ksoiss/Library/Mobile Documents/com~apple~CloudDocs/Documents/Method/podcast/transcripts/2023_9_1_-_Relationships.txt,/Users/ksoiss/Library/Mobile Documents/com~apple~CloudDocs/Documents/Method/Bot/shaman_transcripts/2023_9_1_relationships_part_01.md,Relationships,Relationships
shaman_transcript,/Users/ksoiss/Library/Mobile Documents/com~apple~CloudDocs/Documents/Method/podcast/transcripts/2023_9_1_-_Relationships.txt,/Users/ksoiss/Library/Mobile Documents/com~apple~CloudDocs/Documents/Method/Bot/shaman_transcripts/2023_9_1_relationships_part_02.md,Relationships,Relationships
shaman_transcript,/Users/ksoiss/Library/Mobile Documents/com~apple~CloudDocs/Documents/Method/podcast/transcripts/2023_9_1_-_Relationships.txt,/Users/ksoiss/Library/Mobile Documents/com~apple~CloudDocs/Documents/Method/Bot/shaman_transcripts/2023_9_1_relationships_part_03.md,Relationships,Relationships
shaman_transcript,/Users/ksoiss/Library/Mobile Documents/com~apple~CloudDocs/Documents/Method/podcast/transcripts/2023_9_1_-_Relationships.txt,/Users/ksoiss/Library/Mobile Documents/com~apple~CloudDocs/Documents/Method/Bot/shaman_transcripts/2023_9_1_relationships_part_04.md,Relationships,Relationships
shaman_transcript,/Users/ksoiss/Library/Mobile Documents/com~apple~CloudDocs/Documents/Method/podcast/transcripts/2023_9_1_-_Relationships.txt,/Users/ksoiss/Library/Mobile Documents/com~apple~CloudDocs/Documents/Method/Bot/shaman_transcripts/2023_9_1_relationships_part_05.md,Relationships,Relationships
shaman_transcript,/Users/ksoiss/Library/Mobile Documents/com~apple~CloudDocs/Documents/Method/podcast/transcripts/2023_9_1_-_Relationships.txt,/Users/ksoiss/Library/Mobile Documents/com~apple~CloudDocs/Documents/Method/Bot/shaman_transcripts/2023_9_1_relationships_part_06.md,Relationships,Relationships
shaman_transcript,/Users/ksoiss/Library/Mobile Documents/com~apple~CloudDocs/Documents/Method/podcast/transcripts/2023_9_1_-_Relationships.txt,/Users/ksoiss/Library/Mobile Documents/com~apple~CloudDocs/Documents/Method/Bot/shaman_transcripts/2023_9_1_relationships_part_07.md,Relationships,Relationships
shaman_transcript,/Users/ksoiss/Library/Mobile Documents/com~apple~CloudDocs/Documents/Method/podcast/transcripts/2023_9_1_-_Relationships.txt,/Users/ksoiss/Library/Mobile Documents/com~apple~CloudDocs/Documents/Method/Bot/shaman_transcripts/2023_9_1_relationships_part_08.md,Relationships,Relationships
shaman_transcript,/Users/ksoiss/Library/Mobile Documents/com~apple~CloudDocs/Documents/Method/podcast/transcripts/2023_9_1_-_Relationships.txt,/Users/ksoiss/Library/Mobile Documents/com~apple~CloudDocs/Documents/Method/Bot/shaman_transcripts/2023_9_1_relationships_part_09.md,Relationships,Relationships
shaman_transcript,/Users/ksoiss/Library/Mobile Documents/com~apple~CloudDocs/Documents/Method/podcast/transcripts/2023_9_1_-_Relationships.txt,/Users/ksoiss/Library/Mobile Documents/com~apple~CloudDocs/Documents/Method/Bot/shaman_transcripts/2023_9_1_relationships_part_10.md,Relationships,Relationships
shaman_transcript,/Users/ksoiss/Library/Mobile Documents/com~apple~CloudDocs/Documents/Method/podcast/transcripts/2023_9_1_-_Relationships.txt,/Users/ksoiss/Library/Mobile Documents/com~apple~CloudDocs/Documents/Method/Bot/shaman_transcripts/2023_9_1_relationships_part_11.md,Relationships,Relationships
shaman_transcript,/Users/ksoiss/Library/Mobile Documents/com~apple~CloudDocs/Documents/Method/podcast/transcripts/2023_9_1_-_Relationships.txt,/Users/ksoiss/Library/Mobile Documents/com~apple~CloudDocs/Documents/Method/Bot/shaman_transcripts/2023_9_1_relationships_part_12.md,Relationships,Relationships
shaman_transcript,/Users/ksoiss/Library/Mobile Documents/com~apple~CloudDocs/Documents/Method/podcast/transcripts/2024_4_14_-_Coming_to_a_ceremony_2.txt,/Users/ksoiss/Library/Mobile Documents/com~apple~CloudDocs/Documents/Method/Bot/shaman_transcripts/2024_4_14_coming_to_a_ceremony_2_part_01.md,Coming to a ceremony 2,Coming to a ceremony 2
shaman_transcript,/Users/ksoiss/Library/Mobile Documents/com~apple~CloudDocs/Documents/Method/podcast/transcripts/2024_4_14_-_Coming_to_a_ceremony_2.txt,/Users/ksoiss/Library/Mobile Documents/com~apple~CloudDocs/Documents/Method/Bot/shaman_transcripts/2024_4_14_coming_to_a_ceremony_2_part_02.md,Coming to a ceremony 2,Coming to a ceremony 2
shaman_transcript,/Users/ksoiss/Library/Mobile Documents/com~apple~CloudDocs/Documents/Method/podcast/transcripts/2024_4_14_-_Coming_to_a_ceremony_2.txt,/Users/ksoiss/Library/Mobile Documents/com~apple~CloudDocs/Documents/Method/Bot/shaman_transcripts/2024_4_14_coming_to_a_ceremony_2_part_03.md,Coming to a ceremony 2,Coming to a ceremony 2
shaman_transcript,/Users/ksoiss/Library/Mobile Documents/com~apple~CloudDocs/Documents/Method/podcast/transcripts/2024_4_14_-_Coming_to_a_ceremony_2.txt,/Users/ksoiss/Library/Mobile Documents/com~apple~CloudDocs/Documents/Method/Bot/shaman_transcripts/2024_4_14_coming_to_a_ceremony_2_part_04.md,Coming to a ceremony 2,Coming to a ceremony 2
shaman_transcript,/Users/ksoiss/Library/Mobile Documents/com~apple~CloudDocs/Documents/Method/podcast/transcripts/2024_4_14_-_Coming_to_a_ceremony_2.txt,/Users/ksoiss/Library/Mobile Documents/com~apple~CloudDocs/Documents/Method/Bot/shaman_transcripts/2024_4_14_coming_to_a_ceremony_2_part_05.md,Coming to a ceremony 2,Coming to a ceremony 2
shaman_transcript,/Users/ksoiss/Library/Mobile Documents/com~apple~CloudDocs/Documents/Method/podcast/transcripts/2024_4_14_-_Coming_to_a_ceremony_2.txt,/Users/ksoiss/Library/Mobile Documents/com~apple~CloudDocs/Documents/Method/Bot/shaman_transcripts/2024_4_14_coming_to_a_ceremony_2_part_06.md,Coming to a ceremony 2,Coming to a ceremony 2
shaman_transcript,/Users/ksoiss/Library/Mobile Documents/com~apple~CloudDocs/Documents/Method/podcast/transcripts/2024_4_14_-_Coming_to_a_ceremony_2.txt,/Users/ksoiss/Library/Mobile Documents/com~apple~CloudDocs/Documents/Method/Bot/shaman_transcripts/2024_4_14_coming_to_a_ceremony_2_part_07.md,Coming to a ceremony 2,Coming to a ceremony 2
shaman_transcript,/Users/ksoiss/Library/Mobile Documents/com~apple~CloudDocs/Documents/Method/podcast/transcripts/2024_4_14_-_Coming_to_a_ceremony_2.txt,/Users/ksoiss/Library/Mobile Documents/com~apple~CloudDocs/Documents/Method/Bot/shaman_transcripts/2024_4_14_coming_to_a_ceremony_2_part_08.md,Coming to a ceremony 2,Coming to a ceremony 2
shaman_transcript,/Users/ksoiss/Library/Mobile Documents/com~apple~CloudDocs/Documents/Method/podcast/transcripts/2024_4_14_-_Coming_to_a_ceremony_2.txt,/Users/ksoiss/Library/Mobile Documents/com~apple~CloudDocs/Documents/Method/Bot/shaman_transcripts/2024_4_14_coming_to_a_ceremony_2_part_09.md,Coming to a ceremony 2,Coming to a ceremony 2
shaman_transcript,/Users/ksoiss/Library/Mobile Documents/com~apple~CloudDocs/Documents/Method/podcast/transcripts/2024_4_14_-_Coming_to_a_ceremony_2.txt,/Users/ksoiss/Library/Mobile Documents/com~apple~CloudDocs/Documents/Method/Bot/shaman_transcripts/2024_4_14_coming_to_a_ceremony_2_part_10.md,Coming to a ceremony 2,Coming to a ceremony 2
shaman_transcript,/Users/ksoiss/Library/Mobile Documents/com~apple~CloudDocs/Documents/Method/podcast/transcripts/2024_4_14_-_Coming_to_a_ceremony_2.txt,/Users/ksoiss/Library/Mobile Documents/com~apple~CloudDocs/Documents/Method/Bot/shaman_transcripts/2024_4_14_coming_to_a_ceremony_2_part_11.md,Coming to a ceremony 2,Coming to a ceremony 2
